BEGIN;

INSERT INTO "Directions" ("Id", "Name")
VALUES
    ('10000000-0000-0000-0000-000000000001', 'Программирование'),
    ('10000000-0000-0000-0000-000000000002', 'Дизайн'),
    ('10000000-0000-0000-0000-000000000003', 'Менеджмент'),
    ('10000000-0000-0000-0000-000000000004', 'Маркетинг'),
    ('10000000-0000-0000-0000-000000000005', 'DevOps'),
    ('10000000-0000-0000-0000-000000000006', 'Кибербезопасность')
ON CONFLICT ("Id") DO NOTHING;


INSERT INTO "TrainingFormats" ("Id", "Name")
VALUES
    ('20000000-0000-0000-0000-000000000001', 'Очный'),
    ('20000000-0000-0000-0000-000000000002', 'Онлайн'),
    ('20000000-0000-0000-0000-000000000003', 'Вебинар'),
    ('20000000-0000-0000-0000-000000000004', 'Интенсив')
ON CONFLICT ("Id") DO NOTHING;


INSERT INTO "Users" ("Id", "FullName", "Login", "Email", "PasswordHash", "Role", "CreatedAt")
VALUES
    ('11111111-1111-1111-1111-111111111111', 'Директор',      'director',  'director@training.ru',  '$2a$12$DhOEwS73k0dbUWY.adRq1.fhqIG9NtP689KX0v2ZGkZjhUsWcTl/O', 'Director',   NOW()),
    ('22222222-2222-2222-2222-222222222222', 'Администратор',  'admin',     'admin@training.ru',     '$2a$12$F.NTlj/33k7Aa9Swv0mSjOvII9ikOu19RsgNk/58JP4CBgtiMQlBq', 'Admin',      '2026-01-01 00:00:00'),
    ('33333333-3333-3333-3333-333333333333', 'Иванов Иван',    'ivanov',    'ivanov@training.ru',    '$2a$12$3XipTlIoh7IxJx3eW0lXDeyTktekE.zskKNZjYCoVwXcvu/M5PU0q', 'Manager',    '2026-01-01 00:00:00'),
    ('33333333-3333-3333-3333-333333333334', 'Смирнова Анна',  'smirnova',  'smirnova@training.ru',  '$2a$12$/YUg6by5Znl.7FKUqM9pvep/U9rAQI2QX6RV/fp9eNFURRsEtujBW', 'Manager',    '2026-01-01 00:00:00'),
    ('44444444-4444-4444-4444-444444444444', 'Петрова Мария',  'petrova',   'petrova@training.ru',   '$2a$12$JQ4YibNZsX2NxoB6vC/Pg.65gl3AbJCsoY7JBl6CCp/QjpjQTzfey', 'Applicant',  '2026-01-01 00:00:00'),
     ('44444444-4444-4444-4444-444444444445', 'Сидоров Павел',  'sidorov',   'sidorov@training.ru',   '$2a$12$q05dGQXPADI9GT2z.rzb.etH4lVu08kXAhjeljarViKfP6c/ofthO', 'Applicant',  '2026-01-01 00:00:00'),
     ('33333333-3333-3333-3333-333333333335', 'Кузнецов Алексей','kuznetsov', 'kuznetsov@training.ru', '$2a$12$3XipTlIoh7IxJx3eW0lXDeyTktekE.zskKNZjYCoVwXcvu/M5PU0q', 'Manager',    '2026-01-01 00:00:00'),
     ('44444444-4444-4444-4444-444444444446', 'Фёдорова Елена',  'fedorova',  'fedorova@training.ru',  '$2a$12$JQ4YibNZsX2NxoB6vC/Pg.65gl3AbJCsoY7JBl6CCp/QjpjQTzfey', 'Applicant',  '2026-01-01 00:00:00'),
     ('44444444-4444-4444-4444-444444444447', 'Попов Дмитрий',   'popov',     'popov@training.ru',     '$2a$12$JQ4YibNZsX2NxoB6vC/Pg.65gl3AbJCsoY7JBl6CCp/QjpjQTzfey', 'Applicant',  '2026-01-01 00:00:00'),
     ('44444444-4444-4444-4444-444444444448', 'Новикова Ольга',  'novikova',  'novikova@training.ru',  '$2a$12$JQ4YibNZsX2NxoB6vC/Pg.65gl3AbJCsoY7JBl6CCp/QjpjQTzfey', 'Applicant',  '2026-01-01 00:00:00')
ON CONFLICT ("Id") DO NOTHING;


INSERT INTO "Applications" ("Id", "Title", "Description", "Status", "DirectionId", "FormatId", "AuthorId", "AssignedToId", "CreatedAt", "UpdatedAt")
VALUES
     ('a0000000-0000-0000-0000-000000000001',
      'Курс по C# и .NET',
      'Хочу освоить C# и ASP.NET Core с нуля. Интересует практический курс с проектами.',
      'New',
      '10000000-0000-0000-0000-000000000001',
      '20000000-0000-0000-0000-000000000002',
      '44444444-4444-4444-4444-444444444444',
      NULL,
      NOW() - INTERVAL '10 days', NULL),

     ('a0000000-0000-0000-0000-000000000002',
      'DevOps-инжиниринг с нуля',
      'Планирую освоить CI/CD, Docker и Kubernetes. Нужна программа с практическими лабораторными.',
      'InProgress',
      '10000000-0000-0000-0000-000000000005',
      '20000000-0000-0000-0000-000000000001',
      '44444444-4444-4444-4444-444444444445',
      '33333333-3333-3333-3333-333333333333',
      NOW() - INTERVAL '5 days', NOW() - INTERVAL '3 days'),

    ('a0000000-0000-0000-0000-000000000003',
     'Курс по веб-дизайну и Figma',
     'Нужно обучение веб-дизайну с упором на Figma и UI/UX. Хочу сменить профессию.',
     'InProgress',
     '10000000-0000-0000-0000-000000000002',
     '20000000-0000-0000-0000-000000000001',
     '44444444-4444-4444-4444-444444444444',
     '33333333-3333-3333-3333-333333333333',
     NOW() - INTERVAL '3 days', NOW() - INTERVAL '1 day'),

     ('a0000000-0000-0000-0000-000000000004',
      'Интенсив по Python для анализа данных',
      'Интересует интенсивный курс по Python с уклоном в анализ данных (Pandas, NumPy, Matplotlib).',
      'Approved',
      '10000000-0000-0000-0000-000000000001',
      '20000000-0000-0000-0000-000000000004',
      '44444444-4444-4444-4444-444444444444',
      '33333333-3333-3333-3333-333333333334',
      NOW() - INTERVAL '7 days', NOW() - INTERVAL '1 day'),

     ('a0000000-0000-0000-0000-000000000005',
      'Курс по управлению проектами (PM)',
      'Хочу изучить основы управления проектами, Agile, Scrum. Для перехода на позицию PM.',
      'Completed',
      '10000000-0000-0000-0000-000000000003',
      '20000000-0000-0000-0000-000000000001',
      '44444444-4444-4444-4444-444444444445',
      '33333333-3333-3333-3333-333333333333',
      NOW() - INTERVAL '30 days', NOW() - INTERVAL '25 days'),

    ('a0000000-0000-0000-0000-000000000006',
     'Кибербезопасность: базовый уровень',
     'Нужно обучение основам информационной безопасности для сотрудников отдела.',
     'Approved',
     '10000000-0000-0000-0000-000000000006',
     '20000000-0000-0000-0000-000000000004',
     '44444444-4444-4444-4444-444444444444',
     '33333333-3333-3333-3333-333333333333',
     NOW() - INTERVAL '10 days', NOW() - INTERVAL '3 days'),

    ('a0000000-0000-0000-0000-000000000007',
     'Fullstack-разработка на TypeScript',
     'Хочу изучить React, Node.js и PostgreSQL для полного цикла разработки.',
     'Approved',
     '10000000-0000-0000-0000-000000000001',
     '20000000-0000-0000-0000-000000000002',
     '44444444-4444-4444-4444-444444444445',
      '33333333-3333-3333-3333-333333333334',
      NOW() - INTERVAL '8 days', NOW() - INTERVAL '1 day'),

    ('a0000000-0000-0000-0000-000000000008',
     'Курс 3D-моделирования и анимации',
     'Хочу освоить Blender и создание 3D-персонажей для игр.',
     'Rejected',
     '10000000-0000-0000-0000-000000000002',
     '20000000-0000-0000-0000-000000000003',
     '44444444-4444-4444-4444-444444444445',
     '33333333-3333-3333-3333-333333333333',
     NOW() - INTERVAL '12 days', NOW() - INTERVAL '4 days'),

    ('a0000000-0000-0000-0000-000000000009',
     'Бизнес-анализ и сбор требований',
     'Курс по бизнес-анализу. Завершён, студент получил сертификат.',
     'Completed',
     '10000000-0000-0000-0000-000000000003',
     '20000000-0000-0000-0000-000000000001',
     '44444444-4444-4444-4444-444444444444',
      '33333333-3333-3333-3333-333333333333',
      NOW() - INTERVAL '20 days', NOW() - INTERVAL '5 days'),

    ('a0000000-0000-0000-0000-000000000010',
     'Docker и Kubernetes на практике',
     'Интенсивный практический курс по контейнеризации. Пройден успешно.',
     'Completed',
     '10000000-0000-0000-0000-000000000005',
     '20000000-0000-0000-0000-000000000004',
     '44444444-4444-4444-4444-444444444445',
     '33333333-3333-3333-3333-333333333334',
           NOW() - INTERVAL '18 days', NOW() - INTERVAL '5 days'),

     ('a0000000-0000-0000-0000-000000000011',
      'Маркетинг в соцсетях',
      'Хочу освоить продвижение в соцсетях: таргетинг, контент-план, аналитика. Для продвижения своего проекта.',
      'NeedsInfo',
      '10000000-0000-0000-0000-000000000004',
      '20000000-0000-0000-0000-000000000002',
      '44444444-4444-4444-4444-444444444444',
      '33333333-3333-3333-3333-333333333334',
      NOW() - INTERVAL '2 days', NOW() - INTERVAL '1 day'),

     ('a0000000-0000-0000-0000-000000000013',
      'Управление IT-командой',
      'Планирую переход на позицию Team Lead. Интересует курс по управлению разработкой и людьми.',
      'Approved',
      '10000000-0000-0000-0000-000000000003',
      '20000000-0000-0000-0000-000000000004',
      '44444444-4444-4444-4444-444444444445',
      '33333333-3333-3333-3333-333333333333',
      NOW() - INTERVAL '6 days', NOW() - INTERVAL '2 days'),

     ('a0000000-0000-0000-0000-000000000014',
      'Пентест и этичный хакинг',
      'Хочу пройти курс по пентесту: Kali Linux, Metasploit, Burp Suite. Нужен практический интенсив.',
      'Rejected',
      '10000000-0000-0000-0000-000000000006',
      '20000000-0000-0000-0000-000000000001',
      '44444444-4444-4444-4444-444444444445',
      '33333333-3333-3333-3333-333333333333',
      NOW() - INTERVAL '15 days', NOW() - INTERVAL '2 days')
ON CONFLICT ("Id") DO NOTHING;


INSERT INTO "Comments" ("Id", "ApplicationId", "AuthorId", "Text", "CreatedAt")
VALUES
    ('c0000000-0000-0000-0000-000000000001',
     'a0000000-0000-0000-0000-000000000007',
     '33333333-3333-3333-3333-333333333334',
     'Уточните, пожалуйста, какой бюджет вы рассматриваете на обучение?',
     NOW() - INTERVAL '2 days'),

    ('c0000000-0000-0000-0000-000000000002',
     'a0000000-0000-0000-0000-000000000007',
     '44444444-4444-4444-4444-444444444445',
     'Бюджет до 50 000 рублей. Готов рассмотреть рассрочку.',
     NOW() - INTERVAL '1 day'),

    ('c0000000-0000-0000-0000-000000000003',
     'a0000000-0000-0000-0000-000000000006',
     '33333333-3333-3333-3333-333333333333',
     'Заявка согласована. Группа стартует 22 июня. Направлю расписание.',
     NOW() - INTERVAL '3 days'),

    ('c0000000-0000-0000-0000-000000000004',
     'a0000000-0000-0000-0000-000000000008',
     '33333333-3333-3333-3333-333333333333',
     'К сожалению, курс 3D-моделирования пока не набирает группу. Минимальное количество для группы составляет 8 человек, сейчас только 3.',
     NOW() - INTERVAL '4 days'),

    ('c0000000-0000-0000-0000-000000000005',
     'a0000000-0000-0000-0000-000000000003',
     '33333333-3333-3333-3333-333333333333',
     'Подбираю преподавателя. Есть два кандидата, направлю информацию сегодня.',
     NOW() - INTERVAL '2 days'),

     ('c0000000-0000-0000-0000-000000000006',
      'a0000000-0000-0000-0000-000000000004',
      '33333333-3333-3333-3333-333333333334',
      'Программа курса готова. Можем начать со следующей недели.',
      NOW() - INTERVAL '1 day'),

    ('c0000000-0000-0000-0000-000000000007',
     'a0000000-0000-0000-0000-000000000009',
     '33333333-3333-3333-3333-333333333333',
     'Курс завершён. Студент успешно сдал экзамен. Сертификат выдан 10 июня.',
     NOW() - INTERVAL '5 days'),

    ('c0000000-0000-0000-0000-000000000008',
     'a0000000-0000-0000-0000-000000000010',
     '33333333-3333-3333-3333-333333333334',
      'Интенсив пройден. Все лабораторные сданы на отлично. Рекомендую продвинутый курс.',
      NOW() - INTERVAL '5 days'),

     ('c0000000-0000-0000-0000-000000000009',
      'a0000000-0000-0000-0000-000000000011',
      '22222222-2222-2222-2222-222222222222',
      'Уточните бюджет на курс. Есть ли ограничения по стоимости? Это важно для подбора программы.',
      NOW() - INTERVAL '1 day'),

     ('c0000000-0000-0000-0000-000000000010',
      'a0000000-0000-0000-0000-000000000013',
      '11111111-1111-1111-1111-111111111111',
      'Хорошее направление. Для руководителей это приоритет. Согласовано, приступайте к программе.',
      NOW() - INTERVAL '2 days')
ON CONFLICT ("Id") DO NOTHING;


INSERT INTO "StatusHistories" ("Id", "ApplicationId", "ChangedById", "OldStatus", "NewStatus", "ChangedAt")
VALUES
    ('50000000-0000-0000-0000-000000000001', 'a0000000-0000-0000-0000-000000000003', '33333333-3333-3333-3333-333333333333', 'New', 'InProgress', NOW() - INTERVAL '1 day'),

    ('50000000-0000-0000-0000-000000000020', 'a0000000-0000-0000-0000-000000000002', '33333333-3333-3333-3333-333333333333', 'New', 'InProgress', NOW() - INTERVAL '3 days'),

    ('50000000-0000-0000-0000-000000000002', 'a0000000-0000-0000-0000-000000000004', '33333333-3333-3333-3333-333333333334', 'New', 'InProgress', NOW() - INTERVAL '4 days'),
    ('50000000-0000-0000-0000-000000000003', 'a0000000-0000-0000-0000-000000000004', '33333333-3333-3333-3333-333333333334', 'InProgress', 'Approved', NOW() - INTERVAL '2 days'),

    ('50000000-0000-0000-0000-000000000004', 'a0000000-0000-0000-0000-000000000005', '33333333-3333-3333-3333-333333333333', 'New', 'InProgress', NOW() - INTERVAL '28 days'),
    ('50000000-0000-0000-0000-000000000005', 'a0000000-0000-0000-0000-000000000005', '33333333-3333-3333-3333-333333333333', 'InProgress', 'Approved', NOW() - INTERVAL '27 days'),
    ('50000000-0000-0000-0000-000000000006', 'a0000000-0000-0000-0000-000000000005', '33333333-3333-3333-3333-333333333333', 'Approved', 'Completed', NOW() - INTERVAL '25 days'),

    ('50000000-0000-0000-0000-000000000007', 'a0000000-0000-0000-0000-000000000006', '33333333-3333-3333-3333-333333333333', 'New', 'InProgress', NOW() - INTERVAL '8 days'),
    ('50000000-0000-0000-0000-000000000008', 'a0000000-0000-0000-0000-000000000006', '33333333-3333-3333-3333-333333333333', 'InProgress', 'Approved', NOW() - INTERVAL '3 days'),

    ('50000000-0000-0000-0000-000000000009', 'a0000000-0000-0000-0000-000000000007', '33333333-3333-3333-3333-333333333334', 'New', 'InProgress', NOW() - INTERVAL '6 days'),
    ('50000000-0000-0000-0000-000000000010', 'a0000000-0000-0000-0000-000000000007', '33333333-3333-3333-3333-333333333334', 'InProgress', 'Approved', NOW() - INTERVAL '2 days'),

    ('50000000-0000-0000-0000-000000000011', 'a0000000-0000-0000-0000-000000000008', '33333333-3333-3333-3333-333333333333', 'New', 'InProgress', NOW() - INTERVAL '10 days'),
    ('50000000-0000-0000-0000-000000000012', 'a0000000-0000-0000-0000-000000000008', '33333333-3333-3333-3333-333333333333', 'InProgress', 'NeedsInfo', NOW() - INTERVAL '7 days'),
    ('50000000-0000-0000-0000-000000000013', 'a0000000-0000-0000-0000-000000000008', '33333333-3333-3333-3333-333333333333', 'NeedsInfo', 'Rejected', NOW() - INTERVAL '4 days'),

    ('50000000-0000-0000-0000-000000000014', 'a0000000-0000-0000-0000-000000000009', '33333333-3333-3333-3333-333333333333', 'New', 'InProgress', NOW() - INTERVAL '16 days'),
    ('50000000-0000-0000-0000-000000000015', 'a0000000-0000-0000-0000-000000000009', '33333333-3333-3333-3333-333333333333', 'InProgress', 'Approved', NOW() - INTERVAL '12 days'),
    ('50000000-0000-0000-0000-000000000016', 'a0000000-0000-0000-0000-000000000009', '33333333-3333-3333-3333-333333333333', 'Approved', 'Completed', NOW() - INTERVAL '6 days'),

    ('50000000-0000-0000-0000-000000000017', 'a0000000-0000-0000-0000-000000000010', '33333333-3333-3333-3333-333333333334', 'New', 'InProgress', NOW() - INTERVAL '14 days'),
    ('50000000-0000-0000-0000-000000000018', 'a0000000-0000-0000-0000-000000000010', '33333333-3333-3333-3333-333333333334', 'InProgress', 'Approved', NOW() - INTERVAL '10 days'),
     ('50000000-0000-0000-0000-000000000019', 'a0000000-0000-0000-0000-000000000010', '33333333-3333-3333-3333-333333333334', 'Approved', 'Completed', NOW() - INTERVAL '5 days'),

     ('50000000-0000-0000-0000-000000000030', 'a0000000-0000-0000-0000-000000000011', '33333333-3333-3333-3333-333333333334', 'New', 'InProgress', NOW() - INTERVAL '2 days'),
     ('50000000-0000-0000-0000-000000000031', 'a0000000-0000-0000-0000-000000000011', '33333333-3333-3333-3333-333333333334', 'InProgress', 'NeedsInfo', NOW() - INTERVAL '1 day'),

     ('50000000-0000-0000-0000-000000000032', 'a0000000-0000-0000-0000-000000000013', '33333333-3333-3333-3333-333333333333', 'New', 'InProgress', NOW() - INTERVAL '5 days'),
     ('50000000-0000-0000-0000-000000000033', 'a0000000-0000-0000-0000-000000000013', '33333333-3333-3333-3333-333333333333', 'InProgress', 'Approved', NOW() - INTERVAL '2 days'),

     ('50000000-0000-0000-0000-000000000034', 'a0000000-0000-0000-0000-000000000014', '33333333-3333-3333-3333-333333333333', 'New', 'InProgress', NOW() - INTERVAL '12 days'),
     ('50000000-0000-0000-0000-000000000035', 'a0000000-0000-0000-0000-000000000014', '33333333-3333-3333-3333-333333333333', 'InProgress', 'NeedsInfo', NOW() - INTERVAL '7 days'),
     ('50000000-0000-0000-0000-000000000036', 'a0000000-0000-0000-0000-000000000014', '33333333-3333-3333-3333-333333333333', 'NeedsInfo', 'Rejected', NOW() - INTERVAL '2 days')
ON CONFLICT ("Id") DO NOTHING;


INSERT INTO "AuditLogs" ("Id", "UserId", "Action", "Entity", "EntityId", "OccurredAt")
VALUES
    ('d0000000-0000-0000-0000-000000000001', '44444444-4444-4444-4444-444444444444', 'Create', 'Application', 'a0000000-0000-0000-0000-000000000001', NOW() - INTERVAL '10 days'),
    ('d0000000-0000-0000-0000-000000000002', '44444444-4444-4444-4444-444444444445', 'Create', 'Application', 'a0000000-0000-0000-0000-000000000002', NOW() - INTERVAL '5 days'),
    ('d0000000-0000-0000-0000-000000000003', '44444444-4444-4444-4444-444444444444', 'Create', 'Application', 'a0000000-0000-0000-0000-000000000003', NOW() - INTERVAL '3 days'),
    ('d0000000-0000-0000-0000-000000000004', '44444444-4444-4444-4444-444444444444', 'Create', 'Application', 'a0000000-0000-0000-0000-000000000004', NOW() - INTERVAL '7 days'),
    ('d0000000-0000-0000-0000-000000000005', '44444444-4444-4444-4444-444444444445', 'Create', 'Application', 'a0000000-0000-0000-0000-000000000005', NOW() - INTERVAL '30 days'),
    ('d0000000-0000-0000-0000-000000000006', '44444444-4444-4444-4444-444444444444', 'Create', 'Application', 'a0000000-0000-0000-0000-000000000006', NOW() - INTERVAL '10 days'),
    ('d0000000-0000-0000-0000-000000000007', '44444444-4444-4444-4444-444444444445', 'Create', 'Application', 'a0000000-0000-0000-0000-000000000007', NOW() - INTERVAL '8 days'),
    ('d0000000-0000-0000-0000-000000000008', '44444444-4444-4444-4444-444444444445', 'Create', 'Application', 'a0000000-0000-0000-0000-000000000008', NOW() - INTERVAL '12 days'),
    ('d0000000-0000-0000-0000-000000000009', '44444444-4444-4444-4444-444444444444', 'Create', 'Application', 'a0000000-0000-0000-0000-000000000009', NOW() - INTERVAL '20 days'),
    ('d0000000-0000-0000-0000-000000000010', '44444444-4444-4444-4444-444444444445', 'Create', 'Application', 'a0000000-0000-0000-0000-000000000010', NOW() - INTERVAL '18 days'),

    ('d0000000-0000-0000-0000-000000000011', '33333333-3333-3333-3333-333333333333', 'Update', 'Application', 'a0000000-0000-0000-0000-000000000002', NOW() - INTERVAL '3 days'),
    ('d0000000-0000-0000-0000-000000000012', '33333333-3333-3333-3333-333333333333', 'Update', 'Application', 'a0000000-0000-0000-0000-000000000003', NOW() - INTERVAL '1 day'),
    ('d0000000-0000-0000-0000-000000000013', '33333333-3333-3333-3333-333333333334', 'Update', 'Application', 'a0000000-0000-0000-0000-000000000004', NOW() - INTERVAL '1 day'),
    ('d0000000-0000-0000-0000-000000000014', '33333333-3333-3333-3333-333333333333', 'Update', 'Application', 'a0000000-0000-0000-0000-000000000005', NOW() - INTERVAL '25 days'),
    ('d0000000-0000-0000-0000-000000000015', '33333333-3333-3333-3333-333333333333', 'Update', 'Application', 'a0000000-0000-0000-0000-000000000006', NOW() - INTERVAL '3 days'),
    ('d0000000-0000-0000-0000-000000000016', '33333333-3333-3333-3333-333333333334', 'Update', 'Application', 'a0000000-0000-0000-0000-000000000007', NOW() - INTERVAL '1 day'),
    ('d0000000-0000-0000-0000-000000000017', '33333333-3333-3333-3333-333333333333', 'Update', 'Application', 'a0000000-0000-0000-0000-000000000008', NOW() - INTERVAL '4 days'),
    ('d0000000-0000-0000-0000-000000000018', '33333333-3333-3333-3333-333333333333', 'Update', 'Application', 'a0000000-0000-0000-0000-000000000009', NOW() - INTERVAL '5 days'),
    ('d0000000-0000-0000-0000-000000000019', '33333333-3333-3333-3333-333333333334', 'Update', 'Application', 'a0000000-0000-0000-0000-000000000010', NOW() - INTERVAL '5 days'),

    ('d0000000-0000-0000-0000-000000000020', '22222222-2222-2222-2222-222222222222', 'Create', 'Direction',   '10000000-0000-0000-0000-000000000005', '2026-01-15 00:00:00'),
     ('d0000000-0000-0000-0000-000000000021', '22222222-2222-2222-2222-222222222222', 'Create', 'Direction',   '10000000-0000-0000-0000-000000000006', '2026-01-20 00:00:00'),

     ('d0000000-0000-0000-0000-000000000022', '44444444-4444-4444-4444-444444444444', 'Create', 'Application', 'a0000000-0000-0000-0000-000000000011', NOW() - INTERVAL '2 days'),
     ('d0000000-0000-0000-0000-000000000024', '44444444-4444-4444-4444-444444444445', 'Create', 'Application', 'a0000000-0000-0000-0000-000000000013', NOW() - INTERVAL '6 days'),
     ('d0000000-0000-0000-0000-000000000025', '44444444-4444-4444-4444-444444444445', 'Create', 'Application', 'a0000000-0000-0000-0000-000000000014', NOW() - INTERVAL '15 days'),

     ('d0000000-0000-0000-0000-000000000026', '33333333-3333-3333-3333-333333333334', 'Update', 'Application', 'a0000000-0000-0000-0000-000000000011', NOW() - INTERVAL '1 day'),
     ('d0000000-0000-0000-0000-000000000027', '33333333-3333-3333-3333-333333333333', 'Update', 'Application', 'a0000000-0000-0000-0000-000000000013', NOW() - INTERVAL '2 days'),
     ('d0000000-0000-0000-0000-000000000028', '33333333-3333-3333-3333-333333333333', 'Update', 'Application', 'a0000000-0000-0000-0000-000000000014', NOW() - INTERVAL '2 days')
ON CONFLICT ("Id") DO NOTHING;

COMMIT;